{
  "timestamp": "2026-02-06T01:58:37.832635",
  "total": 2259,
  "by_source": {
    "github": 2259,
    "huggingface": 0,
    "gitlab": 0,
    "bitbucket": 0,
    "other": 0
  },
  "targets": {
    "github": 2400,
    "huggingface": 2400,
    "gitlab": 1200,
    "bitbucket": 800,
    "other": 1200
  },
  "progress_pct": 28.237499999999997,
  "remaining": 5741
}